{"cameraMode":{"drawMode":2,"name":"Shaded Wireframe","section":"Shading Mode"},"sceneLighting":true,"audioPlay":false,"sceneViewState":{"showFog":true,"showMaterialUpdate":false,"showSkybox":true,"showFlares":true,"showImageEffects":true,"showParticleSystems":true},"in2DMode":false,"pivot":{"x":342.6095275878906,"y":452.42510986328127,"z":381.62255859375},"rotation":{"x":0.004690795671194792,"y":0.9403731226921082,"z":-0.3398668169975281,"w":0.012978971935808659},"size":783.2774658203125,"orthographic":false}