{"cameraMode":{"drawMode":2,"name":"Shaded Wireframe","section":"Shading Mode"},"sceneLighting":true,"audioPlay":false,"sceneViewState":{"showFog":true,"showMaterialUpdate":false,"showSkybox":true,"showFlares":true,"showImageEffects":true,"showParticleSystems":true},"in2DMode":false,"pivot":{"x":229.31314086914063,"y":177.1585693359375,"z":153.53868103027345},"rotation":{"x":0.6980828046798706,"y":0.16300158202648164,"z":-0.16816972196102143,"w":0.6766328811645508},"size":291.490966796875,"orthographic":false}