{"cameraMode":{"drawMode":2,"name":"Shaded Wireframe","section":"Shading Mode"},"sceneLighting":true,"audioPlay":false,"sceneViewState":{"showFog":true,"showMaterialUpdate":false,"showSkybox":true,"showFlares":true,"showImageEffects":true,"showParticleSystems":true},"in2DMode":false,"pivot":{"x":24.4742431640625,"y":-441.307373046875,"z":277.2635803222656},"rotation":{"x":0.3005063533782959,"y":0.6634247899055481,"z":-0.33283478021621706,"w":0.5989862680435181},"size":719.3836669921875,"orthographic":false}